<?xml version="1.0" encoding="UTF-8"?>
<project-private xmlns="http://www.netbeans.org/ns/project-private/1">
    <editor-bookmarks xmlns="http://www.netbeans.org/ns/editor-bookmarks/2" lastBookmarkId="0"/>
    <open-files xmlns="http://www.netbeans.org/ns/projectui-open-files/2">
        <group>
            <file>file:/C:/PKV%20Muh%20Rifal%20Tawakkal/koneksi/KoneksiDB/src/koneksidb/koneksi.java</file>
            <file>file:/C:/PKV%20Muh%20Rifal%20Tawakkal/koneksi/KoneksiDB/src/koneksidb/FormTopikSkripsi.java</file>
            <file>file:/C:/PKV%20Muh%20Rifal%20Tawakkal/koneksi/KoneksiDB/src/koneksidb/FormJadwalBimbingan.java</file>
            <file>file:/C:/PKV%20Muh%20Rifal%20Tawakkal/koneksi/KoneksiDB/src/koneksidb/FormUploadSkripsi.java</file>
            <file>file:/C:/PKV%20Muh%20Rifal%20Tawakkal/koneksi/KoneksiDB/src/koneksidb/FormLihatUmpan.java</file>
            <file>file:/C:/PKV%20Muh%20Rifal%20Tawakkal/koneksi/KoneksiDB/src/koneksidb/DashboardMahasiswa.java</file>
            <file>file:/C:/PKV%20Muh%20Rifal%20Tawakkal/koneksi/KoneksiDB/src/koneksidb/KoneksiDB.java</file>
        </group>
    </open-files>
</project-private>
